hotel,price,score,reviews count
wecamp Cabo de Gata,€ 154,8.8,No Reviews
Alua Suites Fuerteventura - All Inclusive,€ 784,8.0,No Reviews
Hotel Vistamar Wellness by DLV,€ 232,8.9,No Reviews
Hostal Prada,€ 477,8.7,No Reviews
Apartamento Zoco Córdoba,€ 291,9.2,No Reviews
Aire Turismo Rural,€ 230,9.4,No Reviews
Bhost - Palacete del Águila,€ 169,8.6,No Reviews
CASA CRUZ - auto check-in,€ 240,8.8,No Reviews
Hotel Andalucia,€ 156,8.6,No Reviews
Hotel Nou Sant Antoni,€ 364,8.8,No Reviews
Finca Elements,€ 400,9.3,No Reviews
Pensión Cádiz,€ 168,8.3,No Reviews
Hotel Palacio Albacete & SPA,€ 338,8.1,No Reviews
Hotel & Restaurante Peña,€ 373,9.0,No Reviews
Zielo de Levante,€ 852,8.7,No Reviews
Hotel Restaurante Doña Anita,€ 336,8.3,No Reviews
Loop INN Hostel Cartagena,€ 167,8.4,No Reviews
Las Dunas,€ 435,8.2,No Reviews
Apartamentos Turísticos Real Valle Ezcaray,€ 296,8.5,No Reviews
Complejo O Piñeiral A Fonsagrada,€ 220,8.8,No Reviews
Apartamentos Torrelaguna,€ 206,8.2,No Reviews
HOTEL-FINCA Rural José Manuel 28pax,€ 436,8.6,No Reviews
Los Amigos NEST hostel,€ 379,8.3,No Reviews
Apartamentos Sureda,€ 309,8.9,No Reviews
Villa Helene,€ 848,9.5,No Reviews
Casa Bambu-ApartResort,€ 240,9.3,No Reviews
wecamp Cabo de Gata,€ 154,8.8,No Reviews
Alua Suites Fuerteventura - All Inclusive,€ 784,8.0,No Reviews
Hotel Vistamar Wellness by DLV,€ 232,8.9,No Reviews
Hostal Prada,€ 477,8.7,No Reviews
Apartamento Zoco Córdoba,€ 291,9.2,No Reviews
Aire Turismo Rural,€ 230,9.4,No Reviews
Bhost - Palacete del Águila,€ 169,8.6,No Reviews
CASA CRUZ - auto check-in,€ 240,8.8,No Reviews
Hotel Andalucia,€ 156,8.6,No Reviews
Hotel Nou Sant Antoni,€ 364,8.8,No Reviews
Finca Elements,€ 400,9.3,No Reviews
Pensión Cádiz,€ 168,8.3,No Reviews
Hotel Palacio Albacete & SPA,€ 338,8.1,No Reviews
Hotel & Restaurante Peña,€ 373,9.0,No Reviews
Zielo de Levante,€ 852,8.7,No Reviews
Hotel Restaurante Doña Anita,€ 336,8.3,No Reviews
Loop INN Hostel Cartagena,€ 167,8.4,No Reviews
Las Dunas,€ 435,8.2,No Reviews
Apartamentos Turísticos Real Valle Ezcaray,€ 296,8.5,No Reviews
Complejo O Piñeiral A Fonsagrada,€ 220,8.8,No Reviews
Apartamentos Torrelaguna,€ 206,8.2,No Reviews
HOTEL-FINCA Rural José Manuel 28pax,€ 436,8.6,No Reviews
Los Amigos NEST hostel,€ 379,8.3,No Reviews
Apartamentos Sureda,€ 309,8.9,No Reviews
Villa Helene,€ 848,9.5,No Reviews
Casa Bambu-ApartResort,€ 240,9.3,No Reviews
wecamp Cabo de Gata,€ 154,8.8,No Reviews
Alua Suites Fuerteventura - All Inclusive,€ 784,8.0,No Reviews
Hotel Vistamar Wellness by DLV,€ 232,8.9,No Reviews
Hostal Prada,€ 477,8.7,No Reviews
Apartamento Zoco Córdoba,€ 291,9.2,No Reviews
Aire Turismo Rural,€ 230,9.4,No Reviews
Bhost - Palacete del Águila,€ 169,8.6,No Reviews
CASA CRUZ - auto check-in,€ 240,8.8,No Reviews
Hotel Andalucia,€ 156,8.6,No Reviews
Hotel Nou Sant Antoni,€ 364,8.8,No Reviews
Finca Elements,€ 400,9.3,No Reviews
Pensión Cádiz,€ 168,8.3,No Reviews
Hotel Palacio Albacete & SPA,€ 338,8.1,No Reviews
Hotel & Restaurante Peña,€ 373,9.0,No Reviews
Zielo de Levante,€ 852,8.7,No Reviews
Hotel Restaurante Doña Anita,€ 336,8.3,No Reviews
Loop INN Hostel Cartagena,€ 167,8.4,No Reviews
Las Dunas,€ 435,8.2,No Reviews
Apartamentos Turísticos Real Valle Ezcaray,€ 296,8.5,No Reviews
Complejo O Piñeiral A Fonsagrada,€ 220,8.8,No Reviews
Apartamentos Torrelaguna,€ 206,8.2,No Reviews
HOTEL-FINCA Rural José Manuel 28pax,€ 436,8.6,No Reviews
Los Amigos NEST hostel,€ 379,8.3,No Reviews
Apartamentos Sureda,€ 309,8.9,No Reviews
Villa Helene,€ 848,9.5,No Reviews
Casa Bambu-ApartResort,€ 240,9.3,No Reviews
wecamp Cabo de Gata,€ 154,8.8,No Reviews
Alua Suites Fuerteventura - All Inclusive,€ 784,8.0,No Reviews
Hotel Vistamar Wellness by DLV,€ 232,8.9,No Reviews
Hostal Prada,€ 477,8.7,No Reviews
Apartamento Zoco Córdoba,€ 291,9.2,No Reviews
Aire Turismo Rural,€ 230,9.4,No Reviews
Bhost - Palacete del Águila,€ 169,8.6,No Reviews
CASA CRUZ - auto check-in,€ 240,8.8,No Reviews
Hotel Andalucia,€ 156,8.6,No Reviews
Hotel Nou Sant Antoni,€ 364,8.8,No Reviews
Finca Elements,€ 400,9.3,No Reviews
Pensión Cádiz,€ 168,8.3,No Reviews
Hotel Palacio Albacete & SPA,€ 338,8.1,No Reviews
Hotel & Restaurante Peña,€ 373,9.0,No Reviews
Zielo de Levante,€ 852,8.7,No Reviews
Hotel Restaurante Doña Anita,€ 336,8.3,No Reviews
Loop INN Hostel Cartagena,€ 167,8.4,No Reviews
Las Dunas,€ 435,8.2,No Reviews
Apartamentos Turísticos Real Valle Ezcaray,€ 296,8.5,No Reviews
Complejo O Piñeiral A Fonsagrada,€ 220,8.8,No Reviews
Apartamentos Torrelaguna,€ 206,8.2,No Reviews
HOTEL-FINCA Rural José Manuel 28pax,€ 436,8.6,No Reviews
Los Amigos NEST hostel,€ 379,8.3,No Reviews
Apartamentos Sureda,€ 309,8.9,No Reviews
Villa Helene,€ 848,9.5,No Reviews
Casa Bambu-ApartResort,€ 240,9.3,No Reviews
wecamp Cabo de Gata,€ 154,8.8,No Reviews
Alua Suites Fuerteventura - All Inclusive,€ 784,8.0,No Reviews
Hotel Vistamar Wellness by DLV,€ 232,8.9,No Reviews
Hostal Prada,€ 477,8.7,No Reviews
Apartamento Zoco Córdoba,€ 291,9.2,No Reviews
Aire Turismo Rural,€ 230,9.4,No Reviews
Bhost - Palacete del Águila,€ 169,8.6,No Reviews
CASA CRUZ - auto check-in,€ 240,8.8,No Reviews
Hotel Andalucia,€ 156,8.6,No Reviews
Hotel Nou Sant Antoni,€ 364,8.8,No Reviews
Finca Elements,€ 400,9.3,No Reviews
Pensión Cádiz,€ 168,8.3,No Reviews
Hotel Palacio Albacete & SPA,€ 338,8.1,No Reviews
Hotel & Restaurante Peña,€ 373,9.0,No Reviews
Zielo de Levante,€ 852,8.7,No Reviews
Hotel Restaurante Doña Anita,€ 336,8.3,No Reviews
Loop INN Hostel Cartagena,€ 167,8.4,No Reviews
Las Dunas,€ 435,8.2,No Reviews
Apartamentos Turísticos Real Valle Ezcaray,€ 296,8.5,No Reviews
Complejo O Piñeiral A Fonsagrada,€ 220,8.8,No Reviews
Apartamentos Torrelaguna,€ 206,8.2,No Reviews
HOTEL-FINCA Rural José Manuel 28pax,€ 436,8.6,No Reviews
Los Amigos NEST hostel,€ 379,8.3,No Reviews
Apartamentos Sureda,€ 309,8.9,No Reviews
Villa Helene,€ 848,9.5,No Reviews
Casa Bambu-ApartResort,€ 240,9.3,No Reviews
wecamp Cabo de Gata,€ 154,8.8,No Reviews
Alua Suites Fuerteventura - All Inclusive,€ 784,8.0,No Reviews
Hotel Vistamar Wellness by DLV,€ 232,8.9,No Reviews
Hostal Prada,€ 477,8.7,No Reviews
Apartamento Zoco Córdoba,€ 291,9.2,No Reviews
Aire Turismo Rural,€ 230,9.4,No Reviews
Bhost - Palacete del Águila,€ 169,8.6,No Reviews
CASA CRUZ - auto check-in,€ 240,8.8,No Reviews
Hotel Andalucia,€ 156,8.6,No Reviews
Hotel Nou Sant Antoni,€ 364,8.8,No Reviews
Finca Elements,€ 400,9.3,No Reviews
Pensión Cádiz,€ 168,8.3,No Reviews
Hotel Palacio Albacete & SPA,€ 338,8.1,No Reviews
Hotel & Restaurante Peña,€ 373,9.0,No Reviews
Zielo de Levante,€ 852,8.7,No Reviews
Hotel Restaurante Doña Anita,€ 336,8.3,No Reviews
Loop INN Hostel Cartagena,€ 167,8.4,No Reviews
Las Dunas,€ 435,8.2,No Reviews
Apartamentos Turísticos Real Valle Ezcaray,€ 296,8.5,No Reviews
Complejo O Piñeiral A Fonsagrada,€ 220,8.8,No Reviews
Apartamentos Torrelaguna,€ 206,8.2,No Reviews
HOTEL-FINCA Rural José Manuel 28pax,€ 436,8.6,No Reviews
Los Amigos NEST hostel,€ 379,8.3,No Reviews
Apartamentos Sureda,€ 309,8.9,No Reviews
Villa Helene,€ 848,9.5,No Reviews
Casa Bambu-ApartResort,€ 240,9.3,No Reviews
wecamp Cabo de Gata,€ 154,8.8,No Reviews
Alua Suites Fuerteventura - All Inclusive,€ 784,8.0,No Reviews
Hotel Vistamar Wellness by DLV,€ 232,8.9,No Reviews
Hostal Prada,€ 477,8.7,No Reviews
Apartamento Zoco Córdoba,€ 291,9.2,No Reviews
Aire Turismo Rural,€ 230,9.4,No Reviews
Bhost - Palacete del Águila,€ 169,8.6,No Reviews
CASA CRUZ - auto check-in,€ 240,8.8,No Reviews
Hotel Andalucia,€ 156,8.6,No Reviews
Hotel Nou Sant Antoni,€ 364,8.8,No Reviews
Finca Elements,€ 400,9.3,No Reviews
Pensión Cádiz,€ 168,8.3,No Reviews
Hotel Palacio Albacete & SPA,€ 338,8.1,No Reviews
Hotel & Restaurante Peña,€ 373,9.0,No Reviews
Zielo de Levante,€ 852,8.7,No Reviews
Hotel Restaurante Doña Anita,€ 336,8.3,No Reviews
Loop INN Hostel Cartagena,€ 167,8.4,No Reviews
Las Dunas,€ 435,8.2,No Reviews
Apartamentos Turísticos Real Valle Ezcaray,€ 296,8.5,No Reviews
Complejo O Piñeiral A Fonsagrada,€ 220,8.8,No Reviews
Apartamentos Torrelaguna,€ 206,8.2,No Reviews
HOTEL-FINCA Rural José Manuel 28pax,€ 436,8.6,No Reviews
Los Amigos NEST hostel,€ 379,8.3,No Reviews
Apartamentos Sureda,€ 309,8.9,No Reviews
Villa Helene,€ 848,9.5,No Reviews
Casa Bambu-ApartResort,€ 240,9.3,No Reviews
wecamp Cabo de Gata,€ 154,8.8,No Reviews
Alua Suites Fuerteventura - All Inclusive,€ 784,8.0,No Reviews
Hotel Vistamar Wellness by DLV,€ 232,8.9,No Reviews
Hostal Prada,€ 477,8.7,No Reviews
Apartamento Zoco Córdoba,€ 291,9.2,No Reviews
Aire Turismo Rural,€ 230,9.4,No Reviews
Bhost - Palacete del Águila,€ 169,8.6,No Reviews
CASA CRUZ - auto check-in,€ 240,8.8,No Reviews
Hotel Andalucia,€ 156,8.6,No Reviews
Hotel Nou Sant Antoni,€ 364,8.8,No Reviews
Finca Elements,€ 400,9.3,No Reviews
Pensión Cádiz,€ 168,8.3,No Reviews
Hotel Palacio Albacete & SPA,€ 338,8.1,No Reviews
Hotel & Restaurante Peña,€ 373,9.0,No Reviews
Zielo de Levante,€ 852,8.7,No Reviews
Hotel Restaurante Doña Anita,€ 336,8.3,No Reviews
Loop INN Hostel Cartagena,€ 167,8.4,No Reviews
Las Dunas,€ 435,8.2,No Reviews
Apartamentos Turísticos Real Valle Ezcaray,€ 296,8.5,No Reviews
Complejo O Piñeiral A Fonsagrada,€ 220,8.8,No Reviews
Apartamentos Torrelaguna,€ 206,8.2,No Reviews
HOTEL-FINCA Rural José Manuel 28pax,€ 436,8.6,No Reviews
Los Amigos NEST hostel,€ 379,8.3,No Reviews
Apartamentos Sureda,€ 309,8.9,No Reviews
Villa Helene,€ 848,9.5,No Reviews
Casa Bambu-ApartResort,€ 240,9.3,No Reviews
wecamp Cabo de Gata,€ 154,8.8,No Reviews
Alua Suites Fuerteventura - All Inclusive,€ 784,8.0,No Reviews
Hotel Vistamar Wellness by DLV,€ 232,8.9,No Reviews
Hostal Prada,€ 477,8.7,No Reviews
Apartamento Zoco Córdoba,€ 291,9.2,No Reviews
Aire Turismo Rural,€ 230,9.4,No Reviews
Bhost - Palacete del Águila,€ 169,8.6,No Reviews
CASA CRUZ - auto check-in,€ 240,8.8,No Reviews
Hotel Andalucia,€ 156,8.6,No Reviews
Hotel Nou Sant Antoni,€ 364,8.8,No Reviews
Finca Elements,€ 400,9.3,No Reviews
Pensión Cádiz,€ 168,8.3,No Reviews
Hotel Palacio Albacete & SPA,€ 338,8.1,No Reviews
Hotel & Restaurante Peña,€ 373,9.0,No Reviews
Zielo de Levante,€ 852,8.7,No Reviews
Hotel Restaurante Doña Anita,€ 336,8.3,No Reviews
Loop INN Hostel Cartagena,€ 167,8.4,No Reviews
Las Dunas,€ 435,8.2,No Reviews
Apartamentos Turísticos Real Valle Ezcaray,€ 296,8.5,No Reviews
Complejo O Piñeiral A Fonsagrada,€ 220,8.8,No Reviews
Apartamentos Torrelaguna,€ 206,8.2,No Reviews
HOTEL-FINCA Rural José Manuel 28pax,€ 436,8.6,No Reviews
Los Amigos NEST hostel,€ 379,8.3,No Reviews
Apartamentos Sureda,€ 309,8.9,No Reviews
Villa Helene,€ 848,9.5,No Reviews
Casa Bambu-ApartResort,€ 240,9.3,No Reviews
wecamp Cabo de Gata,€ 154,8.8,No Reviews
Alua Suites Fuerteventura - All Inclusive,€ 784,8.0,No Reviews
Hotel Vistamar Wellness by DLV,€ 232,8.9,No Reviews
Hostal Prada,€ 477,8.7,No Reviews
Apartamento Zoco Córdoba,€ 291,9.2,No Reviews
Aire Turismo Rural,€ 230,9.4,No Reviews
Bhost - Palacete del Águila,€ 169,8.6,No Reviews
CASA CRUZ - auto check-in,€ 240,8.8,No Reviews
Hotel Andalucia,€ 156,8.6,No Reviews
Hotel Nou Sant Antoni,€ 364,8.8,No Reviews
Finca Elements,€ 400,9.3,No Reviews
Pensión Cádiz,€ 168,8.3,No Reviews
Hotel Palacio Albacete & SPA,€ 338,8.1,No Reviews
Hotel & Restaurante Peña,€ 373,9.0,No Reviews
Zielo de Levante,€ 852,8.7,No Reviews
Hotel Restaurante Doña Anita,€ 336,8.3,No Reviews
Loop INN Hostel Cartagena,€ 167,8.4,No Reviews
Las Dunas,€ 435,8.2,No Reviews
Apartamentos Turísticos Real Valle Ezcaray,€ 296,8.5,No Reviews
Complejo O Piñeiral A Fonsagrada,€ 220,8.8,No Reviews
Apartamentos Torrelaguna,€ 206,8.2,No Reviews
HOTEL-FINCA Rural José Manuel 28pax,€ 436,8.6,No Reviews
Los Amigos NEST hostel,€ 379,8.3,No Reviews
Apartamentos Sureda,€ 309,8.9,No Reviews
Villa Helene,€ 848,9.5,No Reviews
Casa Bambu-ApartResort,€ 240,9.3,No Reviews
wecamp Cabo de Gata,€ 154,8.8,No Reviews
Alua Suites Fuerteventura - All Inclusive,€ 784,8.0,No Reviews
Hotel Vistamar Wellness by DLV,€ 232,8.9,No Reviews
Hostal Prada,€ 477,8.7,No Reviews
Apartamento Zoco Córdoba,€ 291,9.2,No Reviews
Aire Turismo Rural,€ 230,9.4,No Reviews
Bhost - Palacete del Águila,€ 169,8.6,No Reviews
CASA CRUZ - auto check-in,€ 240,8.8,No Reviews
Hotel Andalucia,€ 156,8.6,No Reviews
Hotel Nou Sant Antoni,€ 364,8.8,No Reviews
Finca Elements,€ 400,9.3,No Reviews
Pensión Cádiz,€ 168,8.3,No Reviews
Hotel Palacio Albacete & SPA,€ 338,8.1,No Reviews
Hotel & Restaurante Peña,€ 373,9.0,No Reviews
Zielo de Levante,€ 852,8.7,No Reviews
Hotel Restaurante Doña Anita,€ 336,8.3,No Reviews
Loop INN Hostel Cartagena,€ 167,8.4,No Reviews
Las Dunas,€ 435,8.2,No Reviews
Apartamentos Turísticos Real Valle Ezcaray,€ 296,8.5,No Reviews
Complejo O Piñeiral A Fonsagrada,€ 220,8.8,No Reviews
Apartamentos Torrelaguna,€ 206,8.2,No Reviews
HOTEL-FINCA Rural José Manuel 28pax,€ 436,8.6,No Reviews
Los Amigos NEST hostel,€ 379,8.3,No Reviews
Apartamentos Sureda,€ 309,8.9,No Reviews
Villa Helene,€ 848,9.5,No Reviews
Casa Bambu-ApartResort,€ 240,9.3,No Reviews
wecamp Cabo de Gata,€ 154,8.8,No Reviews
Alua Suites Fuerteventura - All Inclusive,€ 784,8.0,No Reviews
Hotel Vistamar Wellness by DLV,€ 232,8.9,No Reviews
Hostal Prada,€ 477,8.7,No Reviews
Apartamento Zoco Córdoba,€ 291,9.2,No Reviews
Aire Turismo Rural,€ 230,9.4,No Reviews
Bhost - Palacete del Águila,€ 169,8.6,No Reviews
CASA CRUZ - auto check-in,€ 240,8.8,No Reviews
Hotel Andalucia,€ 156,8.6,No Reviews
Hotel Nou Sant Antoni,€ 364,8.8,No Reviews
Finca Elements,€ 400,9.3,No Reviews
Pensión Cádiz,€ 168,8.3,No Reviews
Hotel Palacio Albacete & SPA,€ 338,8.1,No Reviews
Hotel & Restaurante Peña,€ 373,9.0,No Reviews
Zielo de Levante,€ 852,8.7,No Reviews
Hotel Restaurante Doña Anita,€ 336,8.3,No Reviews
Loop INN Hostel Cartagena,€ 167,8.4,No Reviews
Las Dunas,€ 435,8.2,No Reviews
Apartamentos Turísticos Real Valle Ezcaray,€ 296,8.5,No Reviews
Complejo O Piñeiral A Fonsagrada,€ 220,8.8,No Reviews
Apartamentos Torrelaguna,€ 206,8.2,No Reviews
HOTEL-FINCA Rural José Manuel 28pax,€ 436,8.6,No Reviews
Los Amigos NEST hostel,€ 379,8.3,No Reviews
Apartamentos Sureda,€ 309,8.9,No Reviews
Villa Helene,€ 848,9.5,No Reviews
Casa Bambu-ApartResort,€ 240,9.3,No Reviews
wecamp Cabo de Gata,€ 154,8.8,No Reviews
Alua Suites Fuerteventura - All Inclusive,€ 784,8.0,No Reviews
Hotel Vistamar Wellness by DLV,€ 232,8.9,No Reviews
Hostal Prada,€ 477,8.7,No Reviews
Apartamento Zoco Córdoba,€ 291,9.2,No Reviews
Aire Turismo Rural,€ 230,9.4,No Reviews
Bhost - Palacete del Águila,€ 169,8.6,No Reviews
CASA CRUZ - auto check-in,€ 240,8.8,No Reviews
Hotel Andalucia,€ 156,8.6,No Reviews
Hotel Nou Sant Antoni,€ 364,8.8,No Reviews
Finca Elements,€ 400,9.3,No Reviews
Pensión Cádiz,€ 168,8.3,No Reviews
Hotel Palacio Albacete & SPA,€ 338,8.1,No Reviews
Hotel & Restaurante Peña,€ 373,9.0,No Reviews
Zielo de Levante,€ 852,8.7,No Reviews
Hotel Restaurante Doña Anita,€ 336,8.3,No Reviews
Loop INN Hostel Cartagena,€ 167,8.4,No Reviews
Las Dunas,€ 435,8.2,No Reviews
Apartamentos Turísticos Real Valle Ezcaray,€ 296,8.5,No Reviews
Complejo O Piñeiral A Fonsagrada,€ 220,8.8,No Reviews
Apartamentos Torrelaguna,€ 206,8.2,No Reviews
HOTEL-FINCA Rural José Manuel 28pax,€ 436,8.6,No Reviews
Los Amigos NEST hostel,€ 379,8.3,No Reviews
Apartamentos Sureda,€ 309,8.9,No Reviews
Villa Helene,€ 848,9.5,No Reviews
Casa Bambu-ApartResort,€ 240,9.3,No Reviews
wecamp Cabo de Gata,€ 154,8.8,No Reviews
Alua Suites Fuerteventura - All Inclusive,€ 784,8.0,No Reviews
Hotel Vistamar Wellness by DLV,€ 232,8.9,No Reviews
Hostal Prada,€ 477,8.7,No Reviews
Apartamento Zoco Córdoba,€ 291,9.2,No Reviews
Aire Turismo Rural,€ 230,9.4,No Reviews
Bhost - Palacete del Águila,€ 169,8.6,No Reviews
CASA CRUZ - auto check-in,€ 240,8.8,No Reviews
Hotel Andalucia,€ 156,8.6,No Reviews
Hotel Nou Sant Antoni,€ 364,8.8,No Reviews
Finca Elements,€ 400,9.3,No Reviews
Pensión Cádiz,€ 168,8.3,No Reviews
Hotel Palacio Albacete & SPA,€ 338,8.1,No Reviews
Hotel & Restaurante Peña,€ 373,9.0,No Reviews
Zielo de Levante,€ 852,8.7,No Reviews
Hotel Restaurante Doña Anita,€ 336,8.3,No Reviews
Loop INN Hostel Cartagena,€ 167,8.4,No Reviews
Las Dunas,€ 435,8.2,No Reviews
Apartamentos Turísticos Real Valle Ezcaray,€ 296,8.5,No Reviews
Complejo O Piñeiral A Fonsagrada,€ 220,8.8,No Reviews
Apartamentos Torrelaguna,€ 206,8.2,No Reviews
HOTEL-FINCA Rural José Manuel 28pax,€ 436,8.6,No Reviews
Los Amigos NEST hostel,€ 379,8.3,No Reviews
Apartamentos Sureda,€ 309,8.9,No Reviews
Villa Helene,€ 848,9.5,No Reviews
Casa Bambu-ApartResort,€ 240,9.3,No Reviews
wecamp Cabo de Gata,€ 154,8.8,No Reviews
Alua Suites Fuerteventura - All Inclusive,€ 784,8.0,No Reviews
Hotel Vistamar Wellness by DLV,€ 232,8.9,No Reviews
Hostal Prada,€ 477,8.7,No Reviews
Apartamento Zoco Córdoba,€ 291,9.2,No Reviews
Aire Turismo Rural,€ 230,9.4,No Reviews
Bhost - Palacete del Águila,€ 169,8.6,No Reviews
CASA CRUZ - auto check-in,€ 240,8.8,No Reviews
Hotel Andalucia,€ 156,8.6,No Reviews
Hotel Nou Sant Antoni,€ 364,8.8,No Reviews
Finca Elements,€ 400,9.3,No Reviews
Pensión Cádiz,€ 168,8.3,No Reviews
Hotel Palacio Albacete & SPA,€ 338,8.1,No Reviews
Hotel & Restaurante Peña,€ 373,9.0,No Reviews
Zielo de Levante,€ 852,8.7,No Reviews
Hotel Restaurante Doña Anita,€ 336,8.3,No Reviews
Loop INN Hostel Cartagena,€ 167,8.4,No Reviews
Las Dunas,€ 435,8.2,No Reviews
Apartamentos Turísticos Real Valle Ezcaray,€ 296,8.5,No Reviews
Complejo O Piñeiral A Fonsagrada,€ 220,8.8,No Reviews
Apartamentos Torrelaguna,€ 206,8.2,No Reviews
HOTEL-FINCA Rural José Manuel 28pax,€ 436,8.6,No Reviews
Los Amigos NEST hostel,€ 379,8.3,No Reviews
Apartamentos Sureda,€ 309,8.9,No Reviews
Villa Helene,€ 848,9.5,No Reviews
Casa Bambu-ApartResort,€ 240,9.3,No Reviews
wecamp Cabo de Gata,€ 154,8.8,No Reviews
Alua Suites Fuerteventura - All Inclusive,€ 784,8.0,No Reviews
Hotel Vistamar Wellness by DLV,€ 232,8.9,No Reviews
Hostal Prada,€ 477,8.7,No Reviews
Apartamento Zoco Córdoba,€ 291,9.2,No Reviews
Aire Turismo Rural,€ 230,9.4,No Reviews
Bhost - Palacete del Águila,€ 169,8.6,No Reviews
CASA CRUZ - auto check-in,€ 240,8.8,No Reviews
Hotel Andalucia,€ 156,8.6,No Reviews
Hotel Nou Sant Antoni,€ 364,8.8,No Reviews
Finca Elements,€ 400,9.3,No Reviews
Pensión Cádiz,€ 168,8.3,No Reviews
Hotel Palacio Albacete & SPA,€ 338,8.1,No Reviews
Hotel & Restaurante Peña,€ 373,9.0,No Reviews
Zielo de Levante,€ 852,8.7,No Reviews
Hotel Restaurante Doña Anita,€ 336,8.3,No Reviews
Loop INN Hostel Cartagena,€ 167,8.4,No Reviews
Las Dunas,€ 435,8.2,No Reviews
Apartamentos Turísticos Real Valle Ezcaray,€ 296,8.5,No Reviews
Complejo O Piñeiral A Fonsagrada,€ 220,8.8,No Reviews
Apartamentos Torrelaguna,€ 206,8.2,No Reviews
HOTEL-FINCA Rural José Manuel 28pax,€ 436,8.6,No Reviews
Los Amigos NEST hostel,€ 379,8.3,No Reviews
Apartamentos Sureda,€ 309,8.9,No Reviews
Villa Helene,€ 848,9.5,No Reviews
Casa Bambu-ApartResort,€ 240,9.3,No Reviews
wecamp Cabo de Gata,€ 154,8.8,No Reviews
Alua Suites Fuerteventura - All Inclusive,€ 784,8.0,No Reviews
Hotel Vistamar Wellness by DLV,€ 232,8.9,No Reviews
Hostal Prada,€ 477,8.7,No Reviews
Apartamento Zoco Córdoba,€ 291,9.2,No Reviews
Aire Turismo Rural,€ 230,9.4,No Reviews
Bhost - Palacete del Águila,€ 169,8.6,No Reviews
CASA CRUZ - auto check-in,€ 240,8.8,No Reviews
Hotel Andalucia,€ 156,8.6,No Reviews
Hotel Nou Sant Antoni,€ 364,8.8,No Reviews
Finca Elements,€ 400,9.3,No Reviews
Pensión Cádiz,€ 168,8.3,No Reviews
Hotel Palacio Albacete & SPA,€ 338,8.1,No Reviews
Hotel & Restaurante Peña,€ 373,9.0,No Reviews
Zielo de Levante,€ 852,8.7,No Reviews
Hotel Restaurante Doña Anita,€ 336,8.3,No Reviews
Loop INN Hostel Cartagena,€ 167,8.4,No Reviews
Las Dunas,€ 435,8.2,No Reviews
Apartamentos Turísticos Real Valle Ezcaray,€ 296,8.5,No Reviews
Complejo O Piñeiral A Fonsagrada,€ 220,8.8,No Reviews
Apartamentos Torrelaguna,€ 206,8.2,No Reviews
HOTEL-FINCA Rural José Manuel 28pax,€ 436,8.6,No Reviews
Los Amigos NEST hostel,€ 379,8.3,No Reviews
Apartamentos Sureda,€ 309,8.9,No Reviews
Villa Helene,€ 848,9.5,No Reviews
Casa Bambu-ApartResort,€ 240,9.3,No Reviews
wecamp Cabo de Gata,€ 154,8.8,No Reviews
Alua Suites Fuerteventura - All Inclusive,€ 784,8.0,No Reviews
Hotel Vistamar Wellness by DLV,€ 232,8.9,No Reviews
Hostal Prada,€ 477,8.7,No Reviews
Apartamento Zoco Córdoba,€ 291,9.2,No Reviews
Aire Turismo Rural,€ 230,9.4,No Reviews
Bhost - Palacete del Águila,€ 169,8.6,No Reviews
CASA CRUZ - auto check-in,€ 240,8.8,No Reviews
Hotel Andalucia,€ 156,8.6,No Reviews
Hotel Nou Sant Antoni,€ 364,8.8,No Reviews
Finca Elements,€ 400,9.3,No Reviews
Pensión Cádiz,€ 168,8.3,No Reviews
Hotel Palacio Albacete & SPA,€ 338,8.1,No Reviews
Hotel & Restaurante Peña,€ 373,9.0,No Reviews
Zielo de Levante,€ 852,8.7,No Reviews
Hotel Restaurante Doña Anita,€ 336,8.3,No Reviews
Loop INN Hostel Cartagena,€ 167,8.4,No Reviews
Las Dunas,€ 435,8.2,No Reviews
Apartamentos Turísticos Real Valle Ezcaray,€ 296,8.5,No Reviews
Complejo O Piñeiral A Fonsagrada,€ 220,8.8,No Reviews
Apartamentos Torrelaguna,€ 206,8.2,No Reviews
HOTEL-FINCA Rural José Manuel 28pax,€ 436,8.6,No Reviews
Los Amigos NEST hostel,€ 379,8.3,No Reviews
Apartamentos Sureda,€ 309,8.9,No Reviews
Villa Helene,€ 848,9.5,No Reviews
Casa Bambu-ApartResort,€ 240,9.3,No Reviews
wecamp Cabo de Gata,€ 154,8.8,No Reviews
Alua Suites Fuerteventura - All Inclusive,€ 784,8.0,No Reviews
Hotel Vistamar Wellness by DLV,€ 232,8.9,No Reviews
Hostal Prada,€ 477,8.7,No Reviews
Apartamento Zoco Córdoba,€ 291,9.2,No Reviews
Aire Turismo Rural,€ 230,9.4,No Reviews
Bhost - Palacete del Águila,€ 169,8.6,No Reviews
CASA CRUZ - auto check-in,€ 240,8.8,No Reviews
Hotel Andalucia,€ 156,8.6,No Reviews
Hotel Nou Sant Antoni,€ 364,8.8,No Reviews
Finca Elements,€ 400,9.3,No Reviews
Pensión Cádiz,€ 168,8.3,No Reviews
Hotel Palacio Albacete & SPA,€ 338,8.1,No Reviews
Hotel & Restaurante Peña,€ 373,9.0,No Reviews
Zielo de Levante,€ 852,8.7,No Reviews
Hotel Restaurante Doña Anita,€ 336,8.3,No Reviews
Loop INN Hostel Cartagena,€ 167,8.4,No Reviews
Las Dunas,€ 435,8.2,No Reviews
Apartamentos Turísticos Real Valle Ezcaray,€ 296,8.5,No Reviews
Complejo O Piñeiral A Fonsagrada,€ 220,8.8,No Reviews
Apartamentos Torrelaguna,€ 206,8.2,No Reviews
HOTEL-FINCA Rural José Manuel 28pax,€ 436,8.6,No Reviews
Los Amigos NEST hostel,€ 379,8.3,No Reviews
Apartamentos Sureda,€ 309,8.9,No Reviews
Villa Helene,€ 848,9.5,No Reviews
Casa Bambu-ApartResort,€ 240,9.3,No Reviews
wecamp Cabo de Gata,€ 154,8.8,No Reviews
Alua Suites Fuerteventura - All Inclusive,€ 784,8.0,No Reviews
Hotel Vistamar Wellness by DLV,€ 232,8.9,No Reviews
Hostal Prada,€ 477,8.7,No Reviews
Apartamento Zoco Córdoba,€ 291,9.2,No Reviews
Aire Turismo Rural,€ 230,9.4,No Reviews
Bhost - Palacete del Águila,€ 169,8.6,No Reviews
CASA CRUZ - auto check-in,€ 240,8.8,No Reviews
Hotel Andalucia,€ 156,8.6,No Reviews
Hotel Nou Sant Antoni,€ 364,8.8,No Reviews
Finca Elements,€ 400,9.3,No Reviews
Pensión Cádiz,€ 168,8.3,No Reviews
Hotel Palacio Albacete & SPA,€ 338,8.1,No Reviews
Hotel & Restaurante Peña,€ 373,9.0,No Reviews
Zielo de Levante,€ 852,8.7,No Reviews
Hotel Restaurante Doña Anita,€ 336,8.3,No Reviews
Loop INN Hostel Cartagena,€ 167,8.4,No Reviews
Las Dunas,€ 435,8.2,No Reviews
Apartamentos Turísticos Real Valle Ezcaray,€ 296,8.5,No Reviews
Complejo O Piñeiral A Fonsagrada,€ 220,8.8,No Reviews
Apartamentos Torrelaguna,€ 206,8.2,No Reviews
HOTEL-FINCA Rural José Manuel 28pax,€ 436,8.6,No Reviews
Los Amigos NEST hostel,€ 379,8.3,No Reviews
Apartamentos Sureda,€ 309,8.9,No Reviews
Villa Helene,€ 848,9.5,No Reviews
Casa Bambu-ApartResort,€ 240,9.3,No Reviews
wecamp Cabo de Gata,€ 154,8.8,No Reviews
Alua Suites Fuerteventura - All Inclusive,€ 784,8.0,No Reviews
Hotel Vistamar Wellness by DLV,€ 232,8.9,No Reviews
Hostal Prada,€ 477,8.7,No Reviews
Apartamento Zoco Córdoba,€ 291,9.2,No Reviews
Aire Turismo Rural,€ 230,9.4,No Reviews
Bhost - Palacete del Águila,€ 169,8.6,No Reviews
CASA CRUZ - auto check-in,€ 240,8.8,No Reviews
Hotel Andalucia,€ 156,8.6,No Reviews
Hotel Nou Sant Antoni,€ 364,8.8,No Reviews
Finca Elements,€ 400,9.3,No Reviews
Pensión Cádiz,€ 168,8.3,No Reviews
Hotel Palacio Albacete & SPA,€ 338,8.1,No Reviews
Hotel & Restaurante Peña,€ 373,9.0,No Reviews
Zielo de Levante,€ 852,8.7,No Reviews
Hotel Restaurante Doña Anita,€ 336,8.3,No Reviews
Loop INN Hostel Cartagena,€ 167,8.4,No Reviews
Las Dunas,€ 435,8.2,No Reviews
Apartamentos Turísticos Real Valle Ezcaray,€ 296,8.5,No Reviews
Complejo O Piñeiral A Fonsagrada,€ 220,8.8,No Reviews
Apartamentos Torrelaguna,€ 206,8.2,No Reviews
HOTEL-FINCA Rural José Manuel 28pax,€ 436,8.6,No Reviews
Los Amigos NEST hostel,€ 379,8.3,No Reviews
Apartamentos Sureda,€ 309,8.9,No Reviews
Villa Helene,€ 848,9.5,No Reviews
Casa Bambu-ApartResort,€ 240,9.3,No Reviews
wecamp Cabo de Gata,€ 154,8.8,No Reviews
Alua Suites Fuerteventura - All Inclusive,€ 784,8.0,No Reviews
Hotel Vistamar Wellness by DLV,€ 232,8.9,No Reviews
Hostal Prada,€ 477,8.7,No Reviews
Apartamento Zoco Córdoba,€ 291,9.2,No Reviews
Aire Turismo Rural,€ 230,9.4,No Reviews
Bhost - Palacete del Águila,€ 169,8.6,No Reviews
CASA CRUZ - auto check-in,€ 240,8.8,No Reviews
Hotel Andalucia,€ 156,8.6,No Reviews
Hotel Nou Sant Antoni,€ 364,8.8,No Reviews
Finca Elements,€ 400,9.3,No Reviews
Pensión Cádiz,€ 168,8.3,No Reviews
Hotel Palacio Albacete & SPA,€ 338,8.1,No Reviews
Hotel & Restaurante Peña,€ 373,9.0,No Reviews
Zielo de Levante,€ 852,8.7,No Reviews
Hotel Restaurante Doña Anita,€ 336,8.3,No Reviews
Loop INN Hostel Cartagena,€ 167,8.4,No Reviews
Las Dunas,€ 435,8.2,No Reviews
Apartamentos Turísticos Real Valle Ezcaray,€ 296,8.5,No Reviews
Complejo O Piñeiral A Fonsagrada,€ 220,8.8,No Reviews
Apartamentos Torrelaguna,€ 206,8.2,No Reviews
HOTEL-FINCA Rural José Manuel 28pax,€ 436,8.6,No Reviews
Los Amigos NEST hostel,€ 379,8.3,No Reviews
Apartamentos Sureda,€ 309,8.9,No Reviews
Villa Helene,€ 848,9.5,No Reviews
Casa Bambu-ApartResort,€ 240,9.3,No Reviews
wecamp Cabo de Gata,€ 154,8.8,No Reviews
Alua Suites Fuerteventura - All Inclusive,€ 784,8.0,No Reviews
Hotel Vistamar Wellness by DLV,€ 232,8.9,No Reviews
Hostal Prada,€ 477,8.7,No Reviews
Apartamento Zoco Córdoba,€ 291,9.2,No Reviews
Aire Turismo Rural,€ 230,9.4,No Reviews
Bhost - Palacete del Águila,€ 169,8.6,No Reviews
CASA CRUZ - auto check-in,€ 240,8.8,No Reviews
Hotel Andalucia,€ 156,8.6,No Reviews
Hotel Nou Sant Antoni,€ 364,8.8,No Reviews
Finca Elements,€ 400,9.3,No Reviews
Pensión Cádiz,€ 168,8.3,No Reviews
Hotel Palacio Albacete & SPA,€ 338,8.1,No Reviews
Hotel & Restaurante Peña,€ 373,9.0,No Reviews
Zielo de Levante,€ 852,8.7,No Reviews
Hotel Restaurante Doña Anita,€ 336,8.3,No Reviews
Loop INN Hostel Cartagena,€ 167,8.4,No Reviews
Las Dunas,€ 435,8.2,No Reviews
Apartamentos Turísticos Real Valle Ezcaray,€ 296,8.5,No Reviews
Complejo O Piñeiral A Fonsagrada,€ 220,8.8,No Reviews
Apartamentos Torrelaguna,€ 206,8.2,No Reviews
HOTEL-FINCA Rural José Manuel 28pax,€ 436,8.6,No Reviews
Los Amigos NEST hostel,€ 379,8.3,No Reviews
Apartamentos Sureda,€ 309,8.9,No Reviews
Villa Helene,€ 848,9.5,No Reviews
Casa Bambu-ApartResort,€ 240,9.3,No Reviews
wecamp Cabo de Gata,€ 154,8.8,No Reviews
Alua Suites Fuerteventura - All Inclusive,€ 784,8.0,No Reviews
Hotel Vistamar Wellness by DLV,€ 232,8.9,No Reviews
Hostal Prada,€ 477,8.7,No Reviews
Apartamento Zoco Córdoba,€ 291,9.2,No Reviews
Aire Turismo Rural,€ 230,9.4,No Reviews
Bhost - Palacete del Águila,€ 169,8.6,No Reviews
CASA CRUZ - auto check-in,€ 240,8.8,No Reviews
Hotel Andalucia,€ 156,8.6,No Reviews
Hotel Nou Sant Antoni,€ 364,8.8,No Reviews
Finca Elements,€ 400,9.3,No Reviews
Pensión Cádiz,€ 168,8.3,No Reviews
Hotel Palacio Albacete & SPA,€ 338,8.1,No Reviews
Hotel & Restaurante Peña,€ 373,9.0,No Reviews
Zielo de Levante,€ 852,8.7,No Reviews
Hotel Restaurante Doña Anita,€ 336,8.3,No Reviews
Loop INN Hostel Cartagena,€ 167,8.4,No Reviews
Las Dunas,€ 435,8.2,No Reviews
Apartamentos Turísticos Real Valle Ezcaray,€ 296,8.5,No Reviews
Complejo O Piñeiral A Fonsagrada,€ 220,8.8,No Reviews
Apartamentos Torrelaguna,€ 206,8.2,No Reviews
HOTEL-FINCA Rural José Manuel 28pax,€ 436,8.6,No Reviews
Los Amigos NEST hostel,€ 379,8.3,No Reviews
Apartamentos Sureda,€ 309,8.9,No Reviews
Villa Helene,€ 848,9.5,No Reviews
Casa Bambu-ApartResort,€ 240,9.3,No Reviews
wecamp Cabo de Gata,€ 154,8.8,No Reviews
Alua Suites Fuerteventura - All Inclusive,€ 784,8.0,No Reviews
Hotel Vistamar Wellness by DLV,€ 232,8.9,No Reviews
Hostal Prada,€ 477,8.7,No Reviews
Apartamento Zoco Córdoba,€ 291,9.2,No Reviews
Aire Turismo Rural,€ 230,9.4,No Reviews
Bhost - Palacete del Águila,€ 169,8.6,No Reviews
CASA CRUZ - auto check-in,€ 240,8.8,No Reviews
Hotel Andalucia,€ 156,8.6,No Reviews
Hotel Nou Sant Antoni,€ 364,8.8,No Reviews
Finca Elements,€ 400,9.3,No Reviews
Pensión Cádiz,€ 168,8.3,No Reviews
Hotel Palacio Albacete & SPA,€ 338,8.1,No Reviews
Hotel & Restaurante Peña,€ 373,9.0,No Reviews
Zielo de Levante,€ 852,8.7,No Reviews
Hotel Restaurante Doña Anita,€ 336,8.3,No Reviews
Loop INN Hostel Cartagena,€ 167,8.4,No Reviews
Las Dunas,€ 435,8.2,No Reviews
Apartamentos Turísticos Real Valle Ezcaray,€ 296,8.5,No Reviews
Complejo O Piñeiral A Fonsagrada,€ 220,8.8,No Reviews
Apartamentos Torrelaguna,€ 206,8.2,No Reviews
HOTEL-FINCA Rural José Manuel 28pax,€ 436,8.6,No Reviews
Los Amigos NEST hostel,€ 379,8.3,No Reviews
Apartamentos Sureda,€ 309,8.9,No Reviews
Villa Helene,€ 848,9.5,No Reviews
Casa Bambu-ApartResort,€ 240,9.3,No Reviews
wecamp Cabo de Gata,€ 154,8.8,No Reviews
Alua Suites Fuerteventura - All Inclusive,€ 784,8.0,No Reviews
Hotel Vistamar Wellness by DLV,€ 232,8.9,No Reviews
Hostal Prada,€ 477,8.7,No Reviews
Apartamento Zoco Córdoba,€ 291,9.2,No Reviews
Aire Turismo Rural,€ 230,9.4,No Reviews
Bhost - Palacete del Águila,€ 169,8.6,No Reviews
CASA CRUZ - auto check-in,€ 240,8.8,No Reviews
Hotel Andalucia,€ 156,8.6,No Reviews
Hotel Nou Sant Antoni,€ 364,8.8,No Reviews
Finca Elements,€ 400,9.3,No Reviews
Pensión Cádiz,€ 168,8.3,No Reviews
Hotel Palacio Albacete & SPA,€ 338,8.1,No Reviews
Hotel & Restaurante Peña,€ 373,9.0,No Reviews
Zielo de Levante,€ 852,8.7,No Reviews
Hotel Restaurante Doña Anita,€ 336,8.3,No Reviews
Loop INN Hostel Cartagena,€ 167,8.4,No Reviews
Las Dunas,€ 435,8.2,No Reviews
Apartamentos Turísticos Real Valle Ezcaray,€ 296,8.5,No Reviews
Complejo O Piñeiral A Fonsagrada,€ 220,8.8,No Reviews
Apartamentos Torrelaguna,€ 206,8.2,No Reviews
HOTEL-FINCA Rural José Manuel 28pax,€ 436,8.6,No Reviews
Los Amigos NEST hostel,€ 379,8.3,No Reviews
Apartamentos Sureda,€ 309,8.9,No Reviews
Villa Helene,€ 848,9.5,No Reviews
Casa Bambu-ApartResort,€ 240,9.3,No Reviews
wecamp Cabo de Gata,€ 154,8.8,No Reviews
Alua Suites Fuerteventura - All Inclusive,€ 784,8.0,No Reviews
Hotel Vistamar Wellness by DLV,€ 232,8.9,No Reviews
Hostal Prada,€ 477,8.7,No Reviews
Apartamento Zoco Córdoba,€ 291,9.2,No Reviews
Aire Turismo Rural,€ 230,9.4,No Reviews
Bhost - Palacete del Águila,€ 169,8.6,No Reviews
CASA CRUZ - auto check-in,€ 240,8.8,No Reviews
Hotel Andalucia,€ 156,8.6,No Reviews
Hotel Nou Sant Antoni,€ 364,8.8,No Reviews
Finca Elements,€ 400,9.3,No Reviews
Pensión Cádiz,€ 168,8.3,No Reviews
Hotel Palacio Albacete & SPA,€ 338,8.1,No Reviews
Hotel & Restaurante Peña,€ 373,9.0,No Reviews
Zielo de Levante,€ 852,8.7,No Reviews
Hotel Restaurante Doña Anita,€ 336,8.3,No Reviews
Loop INN Hostel Cartagena,€ 167,8.4,No Reviews
Las Dunas,€ 435,8.2,No Reviews
Apartamentos Turísticos Real Valle Ezcaray,€ 296,8.5,No Reviews
Complejo O Piñeiral A Fonsagrada,€ 220,8.8,No Reviews
Apartamentos Torrelaguna,€ 206,8.2,No Reviews
HOTEL-FINCA Rural José Manuel 28pax,€ 436,8.6,No Reviews
Los Amigos NEST hostel,€ 379,8.3,No Reviews
Apartamentos Sureda,€ 309,8.9,No Reviews
Villa Helene,€ 848,9.5,No Reviews
Casa Bambu-ApartResort,€ 240,9.3,No Reviews
wecamp Cabo de Gata,€ 154,8.8,No Reviews
Alua Suites Fuerteventura - All Inclusive,€ 784,8.0,No Reviews
Hotel Vistamar Wellness by DLV,€ 232,8.9,No Reviews
Hostal Prada,€ 477,8.7,No Reviews
Apartamento Zoco Córdoba,€ 291,9.2,No Reviews
Aire Turismo Rural,€ 230,9.4,No Reviews
Bhost - Palacete del Águila,€ 169,8.6,No Reviews
CASA CRUZ - auto check-in,€ 240,8.8,No Reviews
Hotel Andalucia,€ 156,8.6,No Reviews
Hotel Nou Sant Antoni,€ 364,8.8,No Reviews
Finca Elements,€ 400,9.3,No Reviews
Pensión Cádiz,€ 168,8.3,No Reviews
Hotel Palacio Albacete & SPA,€ 338,8.1,No Reviews
Hotel & Restaurante Peña,€ 373,9.0,No Reviews
Zielo de Levante,€ 852,8.7,No Reviews
Hotel Restaurante Doña Anita,€ 336,8.3,No Reviews
Loop INN Hostel Cartagena,€ 167,8.4,No Reviews
Las Dunas,€ 435,8.2,No Reviews
Apartamentos Turísticos Real Valle Ezcaray,€ 296,8.5,No Reviews
Complejo O Piñeiral A Fonsagrada,€ 220,8.8,No Reviews
Apartamentos Torrelaguna,€ 206,8.2,No Reviews
HOTEL-FINCA Rural José Manuel 28pax,€ 436,8.6,No Reviews
Los Amigos NEST hostel,€ 379,8.3,No Reviews
Apartamentos Sureda,€ 309,8.9,No Reviews
Villa Helene,€ 848,9.5,No Reviews
Casa Bambu-ApartResort,€ 240,9.3,No Reviews
wecamp Cabo de Gata,€ 154,8.8,No Reviews
Alua Suites Fuerteventura - All Inclusive,€ 784,8.0,No Reviews
Hotel Vistamar Wellness by DLV,€ 232,8.9,No Reviews
Hostal Prada,€ 477,8.7,No Reviews
Apartamento Zoco Córdoba,€ 291,9.2,No Reviews
Aire Turismo Rural,€ 230,9.4,No Reviews
Bhost - Palacete del Águila,€ 169,8.6,No Reviews
CASA CRUZ - auto check-in,€ 240,8.8,No Reviews
Hotel Andalucia,€ 156,8.6,No Reviews
Hotel Nou Sant Antoni,€ 364,8.8,No Reviews
Finca Elements,€ 400,9.3,No Reviews
Pensión Cádiz,€ 168,8.3,No Reviews
Hotel Palacio Albacete & SPA,€ 338,8.1,No Reviews
Hotel & Restaurante Peña,€ 373,9.0,No Reviews
Zielo de Levante,€ 852,8.7,No Reviews
Hotel Restaurante Doña Anita,€ 336,8.3,No Reviews
Loop INN Hostel Cartagena,€ 167,8.4,No Reviews
Las Dunas,€ 435,8.2,No Reviews
Apartamentos Turísticos Real Valle Ezcaray,€ 296,8.5,No Reviews
Complejo O Piñeiral A Fonsagrada,€ 220,8.8,No Reviews
Apartamentos Torrelaguna,€ 206,8.2,No Reviews
HOTEL-FINCA Rural José Manuel 28pax,€ 436,8.6,No Reviews
Los Amigos NEST hostel,€ 379,8.3,No Reviews
Apartamentos Sureda,€ 309,8.9,No Reviews
Villa Helene,€ 848,9.5,No Reviews
Casa Bambu-ApartResort,€ 240,9.3,No Reviews
wecamp Cabo de Gata,€ 154,8.8,No Reviews
Alua Suites Fuerteventura - All Inclusive,€ 784,8.0,No Reviews
Hotel Vistamar Wellness by DLV,€ 232,8.9,No Reviews
Hostal Prada,€ 477,8.7,No Reviews
Apartamento Zoco Córdoba,€ 291,9.2,No Reviews
Aire Turismo Rural,€ 230,9.4,No Reviews
Bhost - Palacete del Águila,€ 169,8.6,No Reviews
CASA CRUZ - auto check-in,€ 240,8.8,No Reviews
Hotel Andalucia,€ 156,8.6,No Reviews
Hotel Nou Sant Antoni,€ 364,8.8,No Reviews
Finca Elements,€ 400,9.3,No Reviews
Pensión Cádiz,€ 168,8.3,No Reviews
Hotel Palacio Albacete & SPA,€ 338,8.1,No Reviews
Hotel & Restaurante Peña,€ 373,9.0,No Reviews
Zielo de Levante,€ 852,8.7,No Reviews
Hotel Restaurante Doña Anita,€ 336,8.3,No Reviews
Loop INN Hostel Cartagena,€ 167,8.4,No Reviews
Las Dunas,€ 435,8.2,No Reviews
Apartamentos Turísticos Real Valle Ezcaray,€ 296,8.5,No Reviews
Complejo O Piñeiral A Fonsagrada,€ 220,8.8,No Reviews
Apartamentos Torrelaguna,€ 206,8.2,No Reviews
HOTEL-FINCA Rural José Manuel 28pax,€ 436,8.6,No Reviews
Los Amigos NEST hostel,€ 379,8.3,No Reviews
Apartamentos Sureda,€ 309,8.9,No Reviews
Villa Helene,€ 848,9.5,No Reviews
Casa Bambu-ApartResort,€ 240,9.3,No Reviews
wecamp Cabo de Gata,€ 154,8.8,No Reviews
Alua Suites Fuerteventura - All Inclusive,€ 784,8.0,No Reviews
Hotel Vistamar Wellness by DLV,€ 232,8.9,No Reviews
Hostal Prada,€ 477,8.7,No Reviews
Apartamento Zoco Córdoba,€ 291,9.2,No Reviews
Aire Turismo Rural,€ 230,9.4,No Reviews
Bhost - Palacete del Águila,€ 169,8.6,No Reviews
CASA CRUZ - auto check-in,€ 240,8.8,No Reviews
Hotel Andalucia,€ 156,8.6,No Reviews
Hotel Nou Sant Antoni,€ 364,8.8,No Reviews
Finca Elements,€ 400,9.3,No Reviews
Pensión Cádiz,€ 168,8.3,No Reviews
Hotel Palacio Albacete & SPA,€ 338,8.1,No Reviews
Hotel & Restaurante Peña,€ 373,9.0,No Reviews
Zielo de Levante,€ 852,8.7,No Reviews
Hotel Restaurante Doña Anita,€ 336,8.3,No Reviews
Loop INN Hostel Cartagena,€ 167,8.4,No Reviews
Las Dunas,€ 435,8.2,No Reviews
Apartamentos Turísticos Real Valle Ezcaray,€ 296,8.5,No Reviews
Complejo O Piñeiral A Fonsagrada,€ 220,8.8,No Reviews
Apartamentos Torrelaguna,€ 206,8.2,No Reviews
HOTEL-FINCA Rural José Manuel 28pax,€ 436,8.6,No Reviews
Los Amigos NEST hostel,€ 379,8.3,No Reviews
Apartamentos Sureda,€ 309,8.9,No Reviews
Villa Helene,€ 848,9.5,No Reviews
Casa Bambu-ApartResort,€ 240,9.3,No Reviews
wecamp Cabo de Gata,€ 154,8.8,No Reviews
Alua Suites Fuerteventura - All Inclusive,€ 784,8.0,No Reviews
Hotel Vistamar Wellness by DLV,€ 232,8.9,No Reviews
Hostal Prada,€ 477,8.7,No Reviews
Apartamento Zoco Córdoba,€ 291,9.2,No Reviews
Aire Turismo Rural,€ 230,9.4,No Reviews
Bhost - Palacete del Águila,€ 169,8.6,No Reviews
CASA CRUZ - auto check-in,€ 240,8.8,No Reviews
Hotel Andalucia,€ 156,8.6,No Reviews
Hotel Nou Sant Antoni,€ 364,8.8,No Reviews
Finca Elements,€ 400,9.3,No Reviews
Pensión Cádiz,€ 168,8.3,No Reviews
Hotel Palacio Albacete & SPA,€ 338,8.1,No Reviews
Hotel & Restaurante Peña,€ 373,9.0,No Reviews
Zielo de Levante,€ 852,8.7,No Reviews
Hotel Restaurante Doña Anita,€ 336,8.3,No Reviews
Loop INN Hostel Cartagena,€ 167,8.4,No Reviews
Las Dunas,€ 435,8.2,No Reviews
Apartamentos Turísticos Real Valle Ezcaray,€ 296,8.5,No Reviews
Complejo O Piñeiral A Fonsagrada,€ 220,8.8,No Reviews
Apartamentos Torrelaguna,€ 206,8.2,No Reviews
HOTEL-FINCA Rural José Manuel 28pax,€ 436,8.6,No Reviews
Los Amigos NEST hostel,€ 379,8.3,No Reviews
Apartamentos Sureda,€ 309,8.9,No Reviews
Villa Helene,€ 848,9.5,No Reviews
Casa Bambu-ApartResort,€ 240,9.3,No Reviews
wecamp Cabo de Gata,€ 154,8.8,No Reviews
Alua Suites Fuerteventura - All Inclusive,€ 784,8.0,No Reviews
Hotel Vistamar Wellness by DLV,€ 232,8.9,No Reviews
Hostal Prada,€ 477,8.7,No Reviews
Apartamento Zoco Córdoba,€ 291,9.2,No Reviews
Aire Turismo Rural,€ 230,9.4,No Reviews
Bhost - Palacete del Águila,€ 169,8.6,No Reviews
CASA CRUZ - auto check-in,€ 240,8.8,No Reviews
Hotel Andalucia,€ 156,8.6,No Reviews
Hotel Nou Sant Antoni,€ 364,8.8,No Reviews
Finca Elements,€ 400,9.3,No Reviews
Pensión Cádiz,€ 168,8.3,No Reviews
Hotel Palacio Albacete & SPA,€ 338,8.1,No Reviews
Hotel & Restaurante Peña,€ 373,9.0,No Reviews
Zielo de Levante,€ 852,8.7,No Reviews
Hotel Restaurante Doña Anita,€ 336,8.3,No Reviews
Loop INN Hostel Cartagena,€ 167,8.4,No Reviews
Las Dunas,€ 435,8.2,No Reviews
Apartamentos Turísticos Real Valle Ezcaray,€ 296,8.5,No Reviews
Complejo O Piñeiral A Fonsagrada,€ 220,8.8,No Reviews
Apartamentos Torrelaguna,€ 206,8.2,No Reviews
HOTEL-FINCA Rural José Manuel 28pax,€ 436,8.6,No Reviews
Los Amigos NEST hostel,€ 379,8.3,No Reviews
Apartamentos Sureda,€ 309,8.9,No Reviews
Villa Helene,€ 848,9.5,No Reviews
Casa Bambu-ApartResort,€ 240,9.3,No Reviews
wecamp Cabo de Gata,€ 154,8.8,No Reviews
Alua Suites Fuerteventura - All Inclusive,€ 784,8.0,No Reviews
Hotel Vistamar Wellness by DLV,€ 232,8.9,No Reviews
Hostal Prada,€ 477,8.7,No Reviews
Apartamento Zoco Córdoba,€ 291,9.2,No Reviews
Aire Turismo Rural,€ 230,9.4,No Reviews
Bhost - Palacete del Águila,€ 169,8.6,No Reviews
CASA CRUZ - auto check-in,€ 240,8.8,No Reviews
Hotel Andalucia,€ 156,8.6,No Reviews
Hotel Nou Sant Antoni,€ 364,8.8,No Reviews
Finca Elements,€ 400,9.3,No Reviews
Pensión Cádiz,€ 168,8.3,No Reviews
Hotel Palacio Albacete & SPA,€ 338,8.1,No Reviews
Hotel & Restaurante Peña,€ 373,9.0,No Reviews
Zielo de Levante,€ 852,8.7,No Reviews
Hotel Restaurante Doña Anita,€ 336,8.3,No Reviews
Loop INN Hostel Cartagena,€ 167,8.4,No Reviews
Las Dunas,€ 435,8.2,No Reviews
Apartamentos Turísticos Real Valle Ezcaray,€ 296,8.5,No Reviews
Complejo O Piñeiral A Fonsagrada,€ 220,8.8,No Reviews
Apartamentos Torrelaguna,€ 206,8.2,No Reviews
HOTEL-FINCA Rural José Manuel 28pax,€ 436,8.6,No Reviews
Los Amigos NEST hostel,€ 379,8.3,No Reviews
Apartamentos Sureda,€ 309,8.9,No Reviews
Villa Helene,€ 848,9.5,No Reviews
Casa Bambu-ApartResort,€ 240,9.3,No Reviews
wecamp Cabo de Gata,€ 154,8.8,No Reviews
Alua Suites Fuerteventura - All Inclusive,€ 784,8.0,No Reviews
Hotel Vistamar Wellness by DLV,€ 232,8.9,No Reviews
Hostal Prada,€ 477,8.7,No Reviews
Apartamento Zoco Córdoba,€ 291,9.2,No Reviews
Aire Turismo Rural,€ 230,9.4,No Reviews
Bhost - Palacete del Águila,€ 169,8.6,No Reviews
CASA CRUZ - auto check-in,€ 240,8.8,No Reviews
Hotel Andalucia,€ 156,8.6,No Reviews
Hotel Nou Sant Antoni,€ 364,8.8,No Reviews
Finca Elements,€ 400,9.3,No Reviews
Pensión Cádiz,€ 168,8.3,No Reviews
Hotel Palacio Albacete & SPA,€ 338,8.1,No Reviews
Hotel & Restaurante Peña,€ 373,9.0,No Reviews
Zielo de Levante,€ 852,8.7,No Reviews
Hotel Restaurante Doña Anita,€ 336,8.3,No Reviews
Loop INN Hostel Cartagena,€ 167,8.4,No Reviews
Las Dunas,€ 435,8.2,No Reviews
Apartamentos Turísticos Real Valle Ezcaray,€ 296,8.5,No Reviews
Complejo O Piñeiral A Fonsagrada,€ 220,8.8,No Reviews
Apartamentos Torrelaguna,€ 206,8.2,No Reviews
HOTEL-FINCA Rural José Manuel 28pax,€ 436,8.6,No Reviews
Los Amigos NEST hostel,€ 379,8.3,No Reviews
Apartamentos Sureda,€ 309,8.9,No Reviews
Villa Helene,€ 848,9.5,No Reviews
Casa Bambu-ApartResort,€ 240,9.3,No Reviews
wecamp Cabo de Gata,€ 154,8.8,No Reviews
Alua Suites Fuerteventura - All Inclusive,€ 784,8.0,No Reviews
Hotel Vistamar Wellness by DLV,€ 232,8.9,No Reviews
Hostal Prada,€ 477,8.7,No Reviews
Apartamento Zoco Córdoba,€ 291,9.2,No Reviews
Aire Turismo Rural,€ 230,9.4,No Reviews
Bhost - Palacete del Águila,€ 169,8.6,No Reviews
CASA CRUZ - auto check-in,€ 240,8.8,No Reviews
Hotel Andalucia,€ 156,8.6,No Reviews
Hotel Nou Sant Antoni,€ 364,8.8,No Reviews
Finca Elements,€ 400,9.3,No Reviews
Pensión Cádiz,€ 168,8.3,No Reviews
Hotel Palacio Albacete & SPA,€ 338,8.1,No Reviews
Hotel & Restaurante Peña,€ 373,9.0,No Reviews
Zielo de Levante,€ 852,8.7,No Reviews
Hotel Restaurante Doña Anita,€ 336,8.3,No Reviews
Loop INN Hostel Cartagena,€ 167,8.4,No Reviews
Las Dunas,€ 435,8.2,No Reviews
Apartamentos Turísticos Real Valle Ezcaray,€ 296,8.5,No Reviews
Complejo O Piñeiral A Fonsagrada,€ 220,8.8,No Reviews
Apartamentos Torrelaguna,€ 206,8.2,No Reviews
HOTEL-FINCA Rural José Manuel 28pax,€ 436,8.6,No Reviews
Los Amigos NEST hostel,€ 379,8.3,No Reviews
Apartamentos Sureda,€ 309,8.9,No Reviews
Villa Helene,€ 848,9.5,No Reviews
Casa Bambu-ApartResort,€ 240,9.3,No Reviews
wecamp Cabo de Gata,€ 154,8.8,No Reviews
Alua Suites Fuerteventura - All Inclusive,€ 784,8.0,No Reviews
Hotel Vistamar Wellness by DLV,€ 232,8.9,No Reviews
Hostal Prada,€ 477,8.7,No Reviews
Apartamento Zoco Córdoba,€ 291,9.2,No Reviews
Aire Turismo Rural,€ 230,9.4,No Reviews
Bhost - Palacete del Águila,€ 169,8.6,No Reviews
CASA CRUZ - auto check-in,€ 240,8.8,No Reviews
Hotel Andalucia,€ 156,8.6,No Reviews
Hotel Nou Sant Antoni,€ 364,8.8,No Reviews
Finca Elements,€ 400,9.3,No Reviews
Pensión Cádiz,€ 168,8.3,No Reviews
Hotel Palacio Albacete & SPA,€ 338,8.1,No Reviews
Hotel & Restaurante Peña,€ 373,9.0,No Reviews
Zielo de Levante,€ 852,8.7,No Reviews
Hotel Restaurante Doña Anita,€ 336,8.3,No Reviews
Loop INN Hostel Cartagena,€ 167,8.4,No Reviews
Las Dunas,€ 435,8.2,No Reviews
Apartamentos Turísticos Real Valle Ezcaray,€ 296,8.5,No Reviews
Complejo O Piñeiral A Fonsagrada,€ 220,8.8,No Reviews
Apartamentos Torrelaguna,€ 206,8.2,No Reviews
HOTEL-FINCA Rural José Manuel 28pax,€ 436,8.6,No Reviews
Los Amigos NEST hostel,€ 379,8.3,No Reviews
Apartamentos Sureda,€ 309,8.9,No Reviews
Villa Helene,€ 848,9.5,No Reviews
Casa Bambu-ApartResort,€ 240,9.3,No Reviews
wecamp Cabo de Gata,€ 154,8.8,No Reviews
Alua Suites Fuerteventura - All Inclusive,€ 784,8.0,No Reviews
Hotel Vistamar Wellness by DLV,€ 232,8.9,No Reviews
Hostal Prada,€ 477,8.7,No Reviews
Apartamento Zoco Córdoba,€ 291,9.2,No Reviews
Aire Turismo Rural,€ 230,9.4,No Reviews
Bhost - Palacete del Águila,€ 169,8.6,No Reviews
CASA CRUZ - auto check-in,€ 240,8.8,No Reviews
Hotel Andalucia,€ 156,8.6,No Reviews
Hotel Nou Sant Antoni,€ 364,8.8,No Reviews
Finca Elements,€ 400,9.3,No Reviews
Pensión Cádiz,€ 168,8.3,No Reviews
Hotel Palacio Albacete & SPA,€ 338,8.1,No Reviews
Hotel & Restaurante Peña,€ 373,9.0,No Reviews
Zielo de Levante,€ 852,8.7,No Reviews
Hotel Restaurante Doña Anita,€ 336,8.3,No Reviews
Loop INN Hostel Cartagena,€ 167,8.4,No Reviews
Las Dunas,€ 435,8.2,No Reviews
Apartamentos Turísticos Real Valle Ezcaray,€ 296,8.5,No Reviews
Complejo O Piñeiral A Fonsagrada,€ 220,8.8,No Reviews
Apartamentos Torrelaguna,€ 206,8.2,No Reviews
HOTEL-FINCA Rural José Manuel 28pax,€ 436,8.6,No Reviews
Los Amigos NEST hostel,€ 379,8.3,No Reviews
Apartamentos Sureda,€ 309,8.9,No Reviews
Villa Helene,€ 848,9.5,No Reviews
Casa Bambu-ApartResort,€ 240,9.3,No Reviews
wecamp Cabo de Gata,€ 154,8.8,No Reviews
Alua Suites Fuerteventura - All Inclusive,€ 784,8.0,No Reviews
Hotel Vistamar Wellness by DLV,€ 232,8.9,No Reviews
Hostal Prada,€ 477,8.7,No Reviews
Apartamento Zoco Córdoba,€ 291,9.2,No Reviews
Aire Turismo Rural,€ 230,9.4,No Reviews
Bhost - Palacete del Águila,€ 169,8.6,No Reviews
CASA CRUZ - auto check-in,€ 240,8.8,No Reviews
Hotel Andalucia,€ 156,8.6,No Reviews
Hotel Nou Sant Antoni,€ 364,8.8,No Reviews
Finca Elements,€ 400,9.3,No Reviews
Pensión Cádiz,€ 168,8.3,No Reviews
